{"cameraMode":{"drawMode":0,"name":"Shaded","section":"Shading Mode"},"sceneLighting":true,"audioPlay":false,"sceneViewState":{"showFog":true,"showMaterialUpdate":true,"showSkybox":false,"showFlares":true,"showImageEffects":true,"showParticleSystems":true},"in2DMode":false,"pivot":{"x":29.700000762939454,"y":7.712404251098633,"z":0.0},"rotation":{"x":-0.15680454671382905,"y":-0.0237006563693285,"z":0.003764023771509528,"w":-0.9873380661010742},"size":60.523399353027347,"orthographic":false}